title	author	venue	year	url	cited_by	bib
Stress detection using ECG and EMG signals: A comprehensive study	S Pourmohammadi, A Maleki	Computer methods and programs in biomedicine	2020	https://www.sciencedirect.com/science/article/pii/S0169260719320528	164	{'title': 'Stress detection using ECG and EMG signals: A comprehensive study', 'author': 'S Pourmohammadi, A Maleki', 'pub_year': '2020', 'venue': 'Computer methods and programs in biomedicine', 'abstract': 'The regular appearance of the QRS complex is seen in the contaminated electromyogram  signal. In order to remove the ECG contamination from the EMG signal, the fourth-order zero-', 'publisher': 'Elsevier', 'pages': '105482', 'volume': '193', 'journal': 'Computer methods and programs in biomedicine', 'pub_type': 'article', 'bib_id': 'pourmohammadi2020stress', 'short_author': 'S Pourmohammadi, A Maleki'}
Tutorial. Surface EMG detection, conditioning and pre-processing: Best practices	R Merletti, GL Cerone	Journal of Electromyography and Kinesiology	2020	https://www.sciencedirect.com/science/article/pii/S1050641120300821	148	{'title': 'Tutorial. Surface EMG detection, conditioning and pre-processing: Best practices', 'author': 'R Merletti, GL Cerone', 'pub_year': '2020', 'venue': 'Journal of Electromyography and Kinesiology', 'abstract': 'Surface electromyogram or Surface electromyography  Surface EMG applications are  complementary to those of needle EMG (nEMG) in the areas of monitoring and assessing', 'short_author': 'R Merletti, GL Cerone'}
Sport biomechanics applications using inertial, force, and EMG sensors: A literature overview	J Taborri, J Keogh, A Kos, A Santuz	Applied bionics and biomechanics	2020	https://onlinelibrary.wiley.com/doi/abs/10.1155/2020/2041549	137	{'title': 'Sport biomechanics applications using inertial, force, and EMG sensors: A literature overview', 'author': 'J Taborri, J Keogh, A Kos, A Santuz', 'pub_year': '2020', 'venue': 'Applied bionics and biomechanics', 'abstract': 'electromyographic data that provides insight into how the performance was obtained. From  this perspective, inertial sensors, force sensors, and electromyography  electromyography in', 'publisher': 'Wiley Online Library', 'pages': '2041549', 'number': '1', 'volume': '2020', 'journal': 'Applied bionics and biomechanics', 'pub_type': 'article', 'bib_id': 'taborri2020sport', 'short_author': 'J Taborri, J Keogh, A Kos, A Santuz'}
Myoelectric control of robotic lower limb prostheses: a review of electromyography interfaces, control paradigms, challenges and future directions	A Fleming, N Stafford, S Huang, X Hu	Journal of neural engineering	2021	https://iopscience.iop.org/article/10.1088/1741-2552/ac1176/meta	130	{'title': 'Myoelectric control of robotic lower limb prostheses: a review of electromyography interfaces, control paradigms, challenges and future directions', 'author': 'A Fleming, N Stafford, S Huang, X Hu', 'pub_year': '2021', 'venue': 'Journal of neural engineering', 'abstract': 'techniques for enhanced EMG interfaces, EMG sensors, decoding  This review highlights  the promise of EMG control for  for measuring EMG and the existing EMG control paradigms.', 'publisher': 'IOP Publishing', 'pages': '041004', 'number': '4', 'volume': '18', 'journal': 'Journal of neural engineering', 'pub_type': 'article', 'bib_id': 'fleming2021myoelectric', 'short_author': 'A Fleming, N Stafford, S Huang, X Hu'}
Complexity analysis of surface electromyography for assessing the myoelectric manifestation of muscle fatigue: A review	S Rampichini, TM Vieira, P Castiglioni, G Merati	Entropy	2020	https://www.mdpi.com/1099-4300/22/5/529	120	{'title': 'Complexity analysis of surface electromyography for assessing the myoelectric manifestation of muscle fatigue: A review', 'author': 'S Rampichini, TM Vieira, P Castiglioni, G Merati', 'pub_year': '2020', 'venue': 'Entropy', 'abstract': 'tissues, referred to as electromyogram. The electromyogram is often termed as an   Throughout this review, we assume the bipolar EMG is both selective and specific, sampling', 'short_author': 'S Rampichini, TM Vieira, P Castiglioni, G Merati'}
EMG-centered multisensory based technologies for pattern recognition in rehabilitation: state of the art and challenges	C Fang, B He, Y Wang, J Cao, S Gao	Biosensors	2020	https://www.mdpi.com/2079-6374/10/8/85	113	{'title': 'EMG-centered multisensory based technologies for pattern recognition in rehabilitation: state of the art and challenges', 'author': 'C Fang, B He, Y Wang, J Cao, S Gao', 'pub_year': '2020', 'venue': 'Biosensors', 'abstract': 'the electromyography (EMG) signal plays an important role in interpreting patients’ intentions  and physical conditions. Nevertheless, utilizing merely the EMG signal  -based EMG pattern', 'short_author': 'C Fang, B He, Y Wang, et al.'}
Electromyography and neuromuscular disorders e-book: clinical-electrophysiologic-ultrasound correlations	DC Preston, BE Shapiro	NA	2020	https://books.google.com/books?hl=en&lr=&id=aRPYDwAAQBAJ&oi=fnd&pg=PP1&dq=EMG+or+electromyography+or+electromyogram&ots=2AoIRJ5vw9&sig=DICsior89txvS2E6Y0w-3rDd7IQ	103	{'title': 'Electromyography and neuromuscular disorders e-book: clinical-electrophysiologic-ultrasound correlations', 'author': 'DC Preston, BE Shapiro', 'pub_year': '2020', 'venue': 'NA', 'abstract': ', this book by Preston and Shapiro is unique in its emphasis on clinical and EMG correlation.   important addition to the EMG literature. It will be helpful to trainees in EMG and should also', 'short_author': 'DC Preston, BE Shapiro'}
EMG hand gesture classification using handcrafted and deep features	JM Fajardo, O Gomez, F Prieto	Biomedical Signal Processing and Control	2021	https://www.sciencedirect.com/science/article/pii/S1746809420303426	90	{'title': 'EMG hand gesture classification using handcrafted and deep features', 'author': 'JM Fajardo, O Gomez, F Prieto', 'pub_year': '2021', 'venue': 'Biomedical Signal Processing and Control', 'abstract': 'for EMG classification using  Electromyographic signals (EMG) classification and  recognitionhave been a common topic in engineering and medical research [1]. Some of the uses', 'short_author': 'JM Fajardo, O Gomez, F Prieto'}
EMG-driven hand model based on the classification of individual finger movements	MV Arteaga, JC Castiblanco, IF Mondragon	Biomedical Signal Processing and Control	2020	https://www.sciencedirect.com/science/article/pii/S174680941930415X	77	{'title': 'EMG-driven hand model based on the classification of individual finger movements', 'author': 'MV Arteaga, JC Castiblanco, IF Mondragon', 'pub_year': '2020', 'venue': 'Biomedical Signal Processing and Control', 'abstract': 'To this purpose, Electromyographic (EMG) signals have  Experiments were carried out to  create an EMG database from  The average correlation between the EMG-based generated', 'publisher': 'Elsevier', 'pages': '101834', 'volume': '58', 'journal': 'Biomedical Signal Processing and Control', 'pub_type': 'article', 'bib_id': 'arteaga2020emg', 'short_author': 'MV Arteaga, JC Castiblanco, IF Mondragon'}
Electromyogram-based classification of hand and finger gestures using artificial neural networks	KH Lee, JY Min, S Byun	Sensors	2021	https://www.mdpi.com/1424-8220/22/1/225	73	{'title': 'Electromyogram-based classification of hand and finger gestures using artificial neural networks', 'author': 'KH Lee, JY Min, S Byun', 'pub_year': '2021', 'venue': 'Sensors', 'abstract': 'Electromyogram (EMG) signals have been increasingly used for hand and finger gesture   using artificial neural network based on electromyography (EMG) sensor. In Proceedings of the', 'short_author': 'KH Lee, JY Min, S Byun'}
Wheelchair control for disabled patients using EMG/EOG based human machine interface: a review	A Kaur	Journal of medical engineering & technology	2021	https://www.tandfonline.com/doi/abs/10.1080/03091902.2020.1853838	70	{'title': 'Wheelchair control for disabled patients using EMG/EOG based human machine interface: a review', 'author': 'A Kaur', 'pub_year': '2021', 'venue': 'Journal of medical engineering & technology', 'abstract': 'This research depicts a review of electromyogram (EMG) or electrooculogram (EOG) signal-  to design EMG or EOG based wheelchairs. This review paper examines a total of 70 EMG', 'short_author': 'A Kaur'}
Review on electromyography signal acquisition and processing	V Gohel, N Mehendale	Biophysical reviews	2020	https://link.springer.com/article/10.1007/s12551-020-00770-w	69	{'title': 'Review on electromyography signal acquisition and processing', 'author': 'V Gohel, N Mehendale', 'pub_year': '2020', 'venue': 'Biophysical reviews', 'abstract': ') the action by EMG signal decoding, while EMG capture efficiency is defined by the ability  to accurately capture the EMG signals with respect to a standard electromyogram. Per Table 1', 'short_author': 'V Gohel, N Mehendale'}
Adaptive real-time identification of motor unit discharges from non-stationary high-density surface electromyographic signals	C Chen, S Ma, X Sheng, D Farina	IEEE Transactions on Biomedical Engineering	2020	https://ieeexplore.ieee.org/abstract/document/9075399/	67	{'title': 'Adaptive real-time identification of motor unit discharges from non-stationary high-density surface electromyographic signals', 'author': 'C Chen, S Ma, X Sheng, D Farina', 'pub_year': '2020', 'venue': 'IEEE Transactions on Biomedical Engineering', 'abstract': 'processing and decomposing electromyography (EMG) signals. Decomposition of EMG has  found  Hu, WZ Rymer, and NL Suresh, “Accuracy assessment of a surface electromyogram', 'publisher': 'IEEE', 'pages': '3501--3509', 'number': '12', 'volume': '67', 'journal': 'IEEE Transactions on Biomedical Engineering', 'pub_type': 'article', 'bib_id': 'chen2020adaptive', 'short_author': 'C Chen, S Ma, X Sheng, D Farina'}
Real-time embedded EMG signal analysis for wrist-hand pose identification	SA Raurale, J McAllister	IEEE Transactions on Signal Processing	2020	https://ieeexplore.ieee.org/abstract/document/9057458/	63	{'title': 'Real-time embedded EMG signal analysis for wrist-hand pose identification', 'author': 'SA Raurale, J McAllister', 'pub_year': '2020', 'venue': 'IEEE Transactions on Signal Processing', 'abstract': 'Electromyographic (EMG) signals fall into this class of phenomena and their interpretation  has found a number of practical uses in human-computer interface applications, such as', 'publisher': 'IEEE', 'pages': '2713--2723', 'volume': '68', 'journal': 'IEEE Transactions on Signal Processing', 'pub_type': 'article', 'bib_id': 'raurale2020real', 'short_author': 'SA Raurale, J McAllister'}
Electromyographic biofeedback for stress urinary incontinence or pelvic floor dysfunction in women: a systematic review and meta-analysis	X Wu, X Zheng, X Yi, P Lai, Y Lan	Advances in therapy	2021	https://link.springer.com/article/10.1007/s12325-021-01831-6	58	{'title': 'Electromyographic biofeedback for stress urinary incontinence or pelvic floor dysfunction in women: a systematic review and meta-analysis', 'author': 'X Wu, X Zheng, X Yi, P Lai, Y Lan', 'pub_year': '2021', 'venue': 'Advances in therapy', 'abstract': 'Electromyographic biofeedback (EMG-BF) can be regarded as an adjuvant to pelvic floor   This meta-analysis aimed to compare the efficacy of PFMT with and without EMG-BF on the', 'short_author': 'X Wu, X Zheng, X Yi, et al.'}
Deep learning for processing electromyographic signals: A taxonomy-based survey	D Buongiorno, GD Cascarano, I De Feudis, A Brunetti	Neurocomputing	2021	https://www.sciencedirect.com/science/article/pii/S0925231220319020	57	{'title': 'Deep learning for processing electromyographic signals: A taxonomy-based survey', 'author': 'D Buongiorno, GD Cascarano, I De Feudis, A Brunetti', 'pub_year': '2021', 'venue': 'Neurocomputing', 'abstract': 'the processing of electromyographic (EMG)  EMG recording datasets, eg Ninapro. Such a  growing trend has inspired us to seek and review recent papers focusing on processing EMG', 'short_author': 'D Buongiorno, GD Cascarano, I De Feudis, A Brunetti'}
Crosstalk in surface electromyogram: literature review and some insights	L Mesin	Physical and Engineering Sciences in Medicine	2020	https://link.springer.com/article/10.1007/s13246-020-00868-1	54	{'title': 'Crosstalk in surface electromyogram: literature review and some insights', 'author': 'L Mesin', 'pub_year': '2020', 'venue': 'Physical and Engineering Sciences in Medicine', 'abstract': 'Crosstalk in surface electromyogram (EMG) is defined as the  It can pose limitations to different  applications of EMG in which  the EMG from the muscle of interest and crosstalk. Then, the', 'short_author': 'L Mesin'}
Effect of five bench inclinations on the electromyographic activity of the pectoralis major, anterior deltoid, and triceps brachii during the bench press exercise	D Rodríguez-Ridao, JA Antequera-Vique	International journal of environmental research and public health	2020	https://www.mdpi.com/1660-4601/17/19/7339	52	{'title': 'Effect of five bench inclinations on the electromyographic activity of the pectoralis major, anterior deltoid, and triceps brachii during the bench press exercise', 'author': 'D Rodríguez-Ridao, JA Antequera-Vique', 'pub_year': '2020', 'venue': 'International journal of environmental research and public health', 'abstract': 'study was to evaluate the electromyographic (EMG) activity levels of  The EMG activity of  the muscles was recorded at the  The results showed that the maximal EMG activity for PMUP', 'publisher': 'MDPI', 'pages': '7339', 'number': '19', 'volume': '17', 'journal': 'International journal of environmental research and public health', 'pub_type': 'article', 'bib_id': 'rodriguez2020effect', 'short_author': 'D Rodríguez-Ridao, JA Antequera-Vique'}
Upper limb movement classification via electromyographic signals and an enhanced probabilistic network	A Burns, H Adeli, JA Buford	Journal of medical systems	2020	https://link.springer.com/article/10.1007/s10916-020-01639-x	51	{'title': 'Upper limb movement classification via electromyographic signals and an enhanced probabilistic network', 'author': 'A Burns, H Adeli, JA Buford', 'pub_year': '2020', 'venue': 'Journal of medical systems', 'abstract': 'EMG signals. Needle and fine wire electrodes have been used to acquire intramuscular EMG   Due to their invasive nature, intramuscular EMG recordings are limited to being applied in', 'short_author': 'A Burns, H Adeli, JA Buford'}
A review of techniques for surface electromyography signal quality analysis	E Farago, D MacIsaac, M Suk	IEEE Reviews in Biomedical Engineering	2022	https://ieeexplore.ieee.org/abstract/document/9749945/	43	{'title': 'A review of techniques for surface electromyography signal quality analysis', 'author': 'E Farago, D MacIsaac, M Suk', 'pub_year': '2022', 'venue': 'IEEE Reviews in Biomedical Engineering', 'abstract': 'In this paper, “clean EMG” is used to refer to EMG signals that are free from signal  Nakamura,  “Detection of muscle fatigue by the surface electromyogram and its application,” in 2010', 'publisher': 'IEEE', 'pages': '472--486', 'volume': '16', 'journal': 'IEEE Reviews in Biomedical Engineering', 'pub_type': 'article', 'bib_id': 'farago2022review', 'short_author': 'E Farago, D MacIsaac, M Suk'}
Portable and wearable electromyographic devices for the assessment of sleep bruxism and awake bruxism: A literature review	T Yamaguchi, S Mikami, M Maeda, T Saito	CRANIO®	2023	https://www.tandfonline.com/doi/abs/10.1080/08869634.2020.1815392	42	{'title': 'Portable and wearable electromyographic devices for the assessment of sleep bruxism and awake bruxism: A literature review', 'author': 'T Yamaguchi, S Mikami, M Maeda, T Saito', 'pub_year': '2023', 'venue': 'CRANIO®', 'abstract': 'extracted EMG waveforms or stage of amount of EMG waveforms, while some devices can  record raw data of whole EMG  EMG devices for recording masticatory electromyograms in an', 'short_author': 'T Yamaguchi, S Mikami, M Maeda, T Saito'}
Electromyogram (EMG) based fingers movement recognition using sparse filtering of wavelet packet coefficients	S Bhagwat, P Mukherji	Sādhanā	2020	https://link.springer.com/article/10.1007/s12046-019-1231-9	36	{'title': 'Electromyogram (EMG) based fingers movement recognition using sparse filtering of wavelet packet coefficients', 'author': 'S Bhagwat, P Mukherji', 'pub_year': '2020', 'venue': 'Sādhanā', 'abstract': 'The surface electromyography (EMG) signals, collected from the residual limb of the  forearm, are used to control prosthetic devices [2]. Typically, a myoelectric based pattern', 'short_author': 'S Bhagwat, P Mukherji'}
Fundamental concepts of bipolar and high-Density surface EMG understanding and teaching for clinical, occupational, and sport applications: Origin, detection, and …	I Campanini, A Merlo, C Disselhorst-Klug, L Mesin	Sensors	2022	https://www.mdpi.com/1424-8220/22/11/4150	36	{'title': 'Fundamental concepts of bipolar and high-Density surface EMG understanding and teaching for clinical, occupational, and sport applications: Origin, detection, and …', 'author': 'I Campanini, A Merlo, C Disselhorst-Klug, L Mesin', 'pub_year': '2022', 'venue': 'Sensors', 'abstract': ', ECG) or on a muscle (surface electromyogram, sEMG), but instruments can and they can   Surface EMG signals are very rich in information about the muscle and neuromuscular', 'short_author': 'I Campanini, A Merlo, C Disselhorst-Klug, L Mesin'}
Ipsilateral and simultaneous comparison of responses from acceleromyography-and electromyography-based neuromuscular monitors	R Nemes, S Lengyel, G Nagy, DR Hampton	Anesthesiology	2021	https://pubs.asahq.org/anesthesiology/article-abstract/135/4/597/116298	35	{'title': 'Ipsilateral and simultaneous comparison of responses from acceleromyography-and electromyography-based neuromuscular monitors', 'author': 'R Nemes, S Lengyel, G Nagy, DR Hampton', 'pub_year': '2021', 'venue': 'Anesthesiology', 'abstract': 'Based on previous comparative examinations of acceleromyography- and EMG-based  devices, we hypothesized that the EMG monitor would indicate slower recovery from', 'publisher': 'Lippincott Williams \\& Wilkins', 'pages': '597--611', 'number': '4', 'volume': '135', 'journal': 'Anesthesiology', 'pub_type': 'article', 'bib_id': 'nemes2021ipsilateral', 'short_author': 'R Nemes, S Lengyel, G Nagy, DR Hampton'}
A new approach for emotions recognition through EOG and EMG signals	MR Kose, MK Ahirwal, A Kumar	Signal, Image and Video Processing	2021	https://link.springer.com/article/10.1007/S11760-021-01942-1	33	{'title': 'A new approach for emotions recognition through EOG and EMG signals', 'author': 'MR Kose, MK Ahirwal, A Kumar', 'pub_year': '2021', 'venue': 'Signal, Image and Video Processing', 'abstract': 'major electromyogram and trapezius electromyogram signals best features for EOG and EMG  signals with ANN classifier to  electrooculography (EOG) and electromyography (EMG), etc.', 'short_author': 'MR Kose, MK Ahirwal, A Kumar'}
Review on electromyography based intention for upper limb control using pattern recognition for human-machine interaction	A Asghar, S Jawaid Khan, F Azim	Proceedings of the Institution of Mechanical Engineers, Part H: Journal of Engineering in Medicine	2022	https://journals.sagepub.com/doi/abs/10.1177/09544119221074770	32	{'title': 'Review on electromyography based intention for upper limb control using pattern recognition for human-machine interaction', 'author': 'A Asghar, S Jawaid Khan, F Azim', 'pub_year': '2022', 'venue': 'Proceedings of the Institution of Mechanical Engineers, Part H: Journal of Engineering in Medicine', 'abstract': 'using surface electromyogram (sEMG) and intramuscular EMG (iEMG) signals. EMG signals   This paper presents a review on current EMG signal techniques, including electrode array', 'publisher': 'SAGE Publications Sage UK: London, England', 'pages': '628--645', 'number': '5', 'volume': '236', 'journal': 'Proceedings of the Institution of Mechanical Engineers, Part H: Journal of Engineering in Medicine', 'pub_type': 'article', 'bib_id': 'asghar2022review', 'short_author': 'A Asghar, S Jawaid Khan, F Azim'}
Evaluation of masticatory muscle response to clear aligner therapy using ambulatory electromyographic recording	T Lou, J Tran, T Castroflorio, A Tassi, I Cioffi	American Journal of Orthodontics and Dentofacial Orthopedics	2021	https://www.sciencedirect.com/science/article/pii/S0889540620305783	31	{'title': 'Evaluation of masticatory muscle response to clear aligner therapy using ambulatory electromyographic recording', 'author': 'T Lou, J Tran, T Castroflorio, A Tassi, I Cioffi', 'pub_year': '2021', 'venue': 'American Journal of Orthodontics and Dentofacial Orthopedics', 'abstract': 'Using portable data loggers, we recorded the electromyographic (EMG) activity  EMG activity  over the 4-weeks and a general linear model to test the effect of psychological traits on EMG', 'publisher': 'Elsevier', 'pages': 'e25--e33', 'number': '1', 'volume': '159', 'journal': 'American Journal of Orthodontics and Dentofacial Orthopedics', 'pub_type': 'article', 'bib_id': 'lou2021evaluation', 'short_author': 'T Lou, J Tran, T Castroflorio, et al.'}
Onset detection in surface electromyographic signals across isometric explosive and ramped contractions: a comparison of computer-based methods	ED Crotty, LAM Furlong, K Hayes	Physiological measurement	2021	https://iopscience.iop.org/article/10.1088/1361-6579/abef56/meta	30	{'title': 'Onset detection in surface electromyographic signals across isometric explosive and ramped contractions: a comparison of computer-based methods', 'author': 'ED Crotty, LAM Furlong, K Hayes', 'pub_year': '2021', 'venue': 'Physiological measurement', 'abstract': 'Accurate identification of surface electromyography (EMG) muscle onset is vital when  examining short temporal parameters such as electromechanical delay. The visual method is', 'publisher': 'IOP Publishing', 'pages': '035010', 'number': '3', 'volume': '42', 'journal': 'Physiological measurement', 'pub_type': 'article', 'bib_id': 'crotty2021onset', 'short_author': 'ED Crotty, LAM Furlong, K Hayes'}
Properties of the surface electromyogram following traumatic spinal cord injury: a scoping review	G Balbinot, G Li, MJ Wiest, M Pakosh, JC Furlan	Journal of neuroengineering and rehabilitation	2021	https://link.springer.com/article/10.1186/s12984-021-00888-2	30	{'title': 'Properties of the surface electromyogram following traumatic spinal cord injury: a scoping review', 'author': 'G Balbinot, G Li, MJ Wiest, M Pakosh, JC Furlan', 'pub_year': '2021', 'venue': 'Journal of neuroengineering and rehabilitation', 'abstract': ', and this process is reflected in changes in surface electromyography (sEMG). sEMG is an   to take fuller advantage of high-density EMG techniques. We recommend the incorporation of', 'publisher': 'Springer', 'pages': '105', 'number': '1', 'volume': '18', 'journal': 'Journal of neuroengineering and rehabilitation', 'pub_type': 'article', 'bib_id': 'balbinot2021properties', 'short_author': 'G Balbinot, G Li, MJ Wiest, et al.'}
EMG characterization and processing in production engineering	M Olmo, R Domingo	Materials	2020	https://www.mdpi.com/1996-1944/13/24/5815	30	{'title': 'EMG characterization and processing in production engineering', 'author': 'M Olmo, R Domingo', 'pub_year': '2020', 'venue': 'Materials', 'abstract': 'Electromyography (EMG) signals are biomedical signals that  The evolution of EMG analysis  and acquisition techniques makes this  The electromyogram obtained from a human tricep is', 'short_author': 'M Olmo, R Domingo'}
Application of surface electromyography in exercise fatigue: a review	J Sun, G Liu, Y Sun, K Lin, Z Zhou, J Cai	Frontiers in Systems Neuroscience	2022	https://www.frontiersin.org/articles/10.3389/fnsys.2022.893275/full	29	{'title': 'Application of surface electromyography in exercise fatigue: a review', 'author': 'J Sun, G Liu, Y Sun, K Lin, Z Zhou, J Cai', 'pub_year': '2022', 'venue': 'Frontiers in Systems Neuroscience', 'abstract': 'to human activities, surface electromyography (sEMG)  electromyographic signals recorded  on surfaces. It is a practical way to assess exercise fatigue with the use of electromyographic', 'publisher': 'Frontiers Media SA', 'pages': '893275', 'volume': '16', 'journal': 'Frontiers in Systems Neuroscience', 'pub_type': 'article', 'bib_id': 'sun2022application', 'short_author': 'J Sun, G Liu, Y Sun, et al.'}
Anti-cN1A antibodies do not correlate with specific clinical, electromyographic, or pathological findings in sporadic inclusion body myositis	P Paul, T Liewluck, FC Ernste, J Mandrekar	Muscle \& Nerve	2021	https://onlinelibrary.wiley.com/doi/abs/10.1002/mus.27157	28	{'title': 'Anti-cN1A antibodies do not correlate with specific clinical, electromyographic, or pathological findings in sporadic inclusion body myositis', 'author': 'P Paul, T Liewluck, FC Ernste, J Mandrekar', 'pub_year': '2021', 'venue': 'Muscle \\& Nerve', 'abstract': '); electromyography (EMG) data with emphasis on presence of myotonic discharges;  swallow and pulmonary function test (PFT) results.Anti-cN1A antibody testing was performed by', 'publisher': 'Wiley Online Library', 'pages': '490--496', 'number': '4', 'volume': '63', 'journal': 'Muscle \\& Nerve', 'pub_type': 'article', 'bib_id': 'paul2021anti', 'short_author': 'P Paul, T Liewluck, FC Ernste, J Mandrekar'}
IoT Controlled Device to Manage the EMG Signals of the Patient and Alert in Real Time	G Arunsankar, B Gopi, R Sampathrajan	2023 Second International Conference On Smart Technologies For Smart Nation (SmartTechCon)	2023	https://ieeexplore.ieee.org/abstract/document/10391761/	28	{'title': 'IoT Controlled Device to Manage the EMG Signals of the Patient and Alert in Real Time', 'author': 'G Arunsankar, B Gopi, R Sampathrajan', 'pub_year': '2023', 'venue': '2023 Second International Conference On Smart Technologies For Smart Nation (SmartTechCon)', 'abstract': 'manages patient electromyography (EMG) readings and provides real-time notifications.  EMG signals  the Internet of Things–controlled gadget dealt with electromyogram (EMG) data.', 'organization': 'IEEE', 'pages': '1365--1370', 'booktitle': '2023 Second International Conference On Smart Technologies For Smart Nation (SmartTechCon)', 'pub_type': 'inproceedings', 'bib_id': 'arunsankar2023iot', 'short_author': 'G Arunsankar, B Gopi, R Sampathrajan'}
Use of advanced materials and artificial intelligence in electromyography signal detection and interpretation	S Gao, J Gong, B Chen, B Zhang, F Luo	Advanced Intelligent Systems	2022	https://onlinelibrary.wiley.com/doi/abs/10.1002/aisy.202200063	26	{'title': 'Use of advanced materials and artificial intelligence in electromyography signal detection and interpretation', 'author': 'S Gao, J Gong, B Chen, B Zhang, F Luo', 'pub_year': '2022', 'venue': 'Advanced Intelligent Systems', 'abstract': 'on the electromyogram signals  electromyogram signals, and the extracted depth The features  are fed back to multiple benchmark machine learning classifiers for the recognition of EMG', 'publisher': 'Wiley Online Library', 'pages': '2200063', 'number': '10', 'volume': '4', 'journal': 'Advanced Intelligent Systems', 'pub_type': 'article', 'bib_id': 'gao2022use', 'short_author': 'S Gao, J Gong, B Chen, et al.'}
Investigation of different approaches to real-time control of prosthetic hands with electromyography signals	JOO de Souza, MD Bloedow, FC Rubo	IEEE Sensors Journal	2021	https://ieeexplore.ieee.org/abstract/document/9494435/	23	{'title': 'Investigation of different approaches to real-time control of prosthetic hands with electromyography signals', 'author': 'JOO de Souza, MD Bloedow, FC Rubo', 'pub_year': '2021', 'venue': 'IEEE Sensors Journal', 'abstract': 'Our approach used a total of 84 EMG features, with 7 functions in the TD and 12 EMG channels  for DB2 and DB3 databases processing. For accelerometry signals, we employ the Mean', 'publisher': 'IEEE', 'pages': '20674--20684', 'number': '18', 'volume': '21', 'journal': 'IEEE Sensors Journal', 'pub_type': 'article', 'bib_id': 'de2021investigation', 'short_author': 'JOO de Souza, MD Bloedow, FC Rubo'}
Real time classification for robotic arm control based electromyographic signal	AJ Abougarair, NAA Shashoa	2022 IEEE 2nd International Maghreb Meeting of the Conference on Sciences and Techniques of Automatic Control and Computer Engineering (MI-STA)	2022	https://ieeexplore.ieee.org/abstract/document/9837703/	23	{'title': 'Real time classification for robotic arm control based electromyographic signal', 'author': 'AJ Abougarair, NAA Shashoa', 'pub_year': '2022', 'venue': '2022 IEEE 2nd International Maghreb Meeting of the Conference on Sciences and Techniques of Automatic Control and Computer Engineering (MI-STA)', 'abstract': 'EMG-based robotic control methods. The goal of this study is to develop a rule-based classifier  based on EMG parameters to distinguish EMG  create an electromyography (EMG) based', 'organization': 'IEEE', 'pages': '155--160', 'booktitle': '2022 IEEE 2nd International Maghreb Meeting of the Conference on Sciences and Techniques of Automatic Control and Computer Engineering (MI-STA)', 'pub_type': 'inproceedings', 'bib_id': 'abougarair2022real', 'short_author': 'AJ Abougarair, NAA Shashoa'}
EEG-and EMG-driven poststroke rehabilitation: a review	H Yang, J Wan, Y Jin, X Yu, Y Fang	IEEE Sensors Journal	2022	https://ieeexplore.ieee.org/abstract/document/9950491/	23	{'title': 'EEG-and EMG-driven poststroke rehabilitation: a review', 'author': 'H Yang, J Wan, Y Jin, X Yu, Y Fang', 'pub_year': '2022', 'venue': 'IEEE Sensors Journal', 'abstract': 'electromyographic (EMG) signal and Electroencephalographic (EEG) signal. Firstly, this  paper briefly overviews how to use EMG  by the volitional surface electromyogram of a healthy', 'short_author': 'H Yang, J Wan, Y Jin, et al.'}
Electromyographic assessment of masseter muscle activity: a proposal for a 24 h recording device with preliminary data	A Colonna, L Noveri, M Ferrari, A Bracci	Journal of Clinical Medicine	2022	https://www.mdpi.com/2077-0383/12/1/247	20	{'title': 'Electromyographic assessment of masseter muscle activity: a proposal for a 24 h recording device with preliminary data', 'author': 'A Colonna, L Noveri, M Ferrari, A Bracci', 'pub_year': '2022', 'venue': 'Journal of Clinical Medicine', 'abstract': 'Within these premises, this manuscript has introduced a novel miniaturized electromyographic  (EMG) recording device that can be used to safely monitor masseter muscle activity over', 'publisher': 'MDPI', 'pages': '247', 'number': '1', 'volume': '12', 'journal': 'Journal of Clinical Medicine', 'pub_type': 'article', 'bib_id': 'colonna2022electromyographic', 'short_author': 'A Colonna, L Noveri, M Ferrari, A Bracci'}
Comparative review of the algorithms for removal of electrocardiographic interference from trunk electromyography	L Xu, E Peri, R Vullings, C Rabotti, JP Van Dijk	Sensors	2020	https://www.mdpi.com/1424-8220/20/17/4890	19	{'title': 'Comparative review of the algorithms for removal of electrocardiographic interference from trunk electromyography', 'author': 'L Xu, E Peri, R Vullings, C Rabotti, JP Van Dijk', 'pub_year': '2020', 'venue': 'Sensors', 'abstract': 'Surface electromyogram (EMG) is a noninvasive measure of muscle electrical activity and  has been widely used in a variety of applications. When recorded from the trunk, surface', 'short_author': 'L Xu, E Peri, R Vullings, et al.'}
Compression of EMG signals using deep convolutional autoencoders	K Dinashi, A Ameri, MA Akhaee	IEEE journal of biomedical and health informatics	2022	https://ieeexplore.ieee.org/abstract/document/9678006/	17	{'title': 'Compression of EMG signals using deep convolutional autoencoders', 'author': 'K Dinashi, A Ameri, MA Akhaee', 'pub_year': '2022', 'venue': 'IEEE journal of biomedical and health informatics', 'abstract': 'electromyogram (EMG) data are important for emerging applications such as telemedicine   of EMG data are challenging. As a solution, this work proposes a new method for EMG data', 'publisher': 'IEEE', 'pages': '2888--2897', 'number': '7', 'volume': '26', 'journal': 'IEEE journal of biomedical and health informatics', 'pub_type': 'article', 'bib_id': 'dinashi2022compression', 'short_author': 'K Dinashi, A Ameri, MA Akhaee'}
Percentage estimation of muscular activity of the forearm by means of EMG signals based on the gesture recognized using CNN	JO Pinzón-Arenas, R Jiménez-Moreno	Sensing and Bio-Sensing Research	2020	https://www.sciencedirect.com/science/article/pii/S2214180420300222	16	{'title': 'Percentage estimation of muscular activity of the forearm by means of EMG signals based on the gesture recognized using CNN', 'author': 'JO Pinzón-Arenas, R Jiménez-Moreno', 'pub_year': '2020', 'venue': 'Sensing and Bio-Sensing Research', 'abstract': 'used signal types is electromyographic (EMG) signals, which are  example, for reading the  surface EMG signals of the lower limbs  The versatility of the use of non-invasive EMG signal', 'publisher': 'Elsevier', 'pages': '100353', 'volume': '29', 'journal': 'Sensing and Bio-Sensing Research', 'pub_type': 'article', 'bib_id': 'pinzon2020percentage', 'short_author': 'JO Pinzón-Arenas, R Jiménez-Moreno'}
Effectiveness of therapeutic electromyographic biofeedback after orthopedic knee surgeries: a systematic review	S Karaborklu Argut, D Celik, Z Yasacı	Disability and Rehabilitation	2022	https://www.tandfonline.com/doi/abs/10.1080/09638288.2020.1867904	16	{'title': 'Effectiveness of therapeutic electromyographic biofeedback after orthopedic knee surgeries: a systematic review', 'author': 'S Karaborklu Argut, D Celik, Z Yasacı', 'pub_year': '2022', 'venue': 'Disability and Rehabilitation', 'abstract': 'This systematic review shows that EMG-BF seems to control pain and improve quadriceps  femoris  Although available high‐quality evidence is limited, EMG-BF might be a part of the', 'publisher': 'Taylor \\& Francis', 'pages': '3364--3372', 'number': '14', 'volume': '44', 'journal': 'Disability and Rehabilitation', 'pub_type': 'article', 'bib_id': 'karaborklu2022effectiveness', 'short_author': 'S Karaborklu Argut, D Celik, Z Yasacı'}
Estimated ECG Subtraction method for removing ECG artifacts in esophageal recordings of diaphragm EMG	AH Jonkman, R Juffermans, J Doorduin	Biomedical Signal Processing and Control	2021	https://www.sciencedirect.com/science/article/pii/S1746809421004584	16	{'title': 'Estimated ECG Subtraction method for removing ECG artifacts in esophageal recordings of diaphragm EMG', 'author': 'AH Jonkman, R Juffermans, J Doorduin', 'pub_year': '2021', 'venue': 'Biomedical Signal Processing and Control', 'abstract': 'with the raw diaphragm electromyogram (EMGdi) limits  Removal of ECG contamination  from any type of EMG is a  electromyography (EMG) recordings using a clean EMG signal', 'publisher': 'Elsevier', 'pages': '102861', 'volume': '69', 'journal': 'Biomedical Signal Processing and Control', 'pub_type': 'article', 'bib_id': 'jonkman2021estimated', 'short_author': 'AH Jonkman, R Juffermans, J Doorduin'}
Electromyography, An Issue of Neurologic Clinics, E-Book: Electromyography, An Issue of Neurologic Clinics, E-Book	DI Rubin	NA	2021	https://books.google.com/books?hl=en&lr=&id=SZ1GEAAAQBAJ&oi=fnd&pg=PP1&dq=EMG+or+electromyography+or+electromyogram&ots=tAatxcmelX&sig=f1C5KjyhHSFIwsrpVvA5wnkNDJc	15	{'title': 'Electromyography, An Issue of Neurologic Clinics, E-Book: Electromyography, An Issue of Neurologic Clinics, E-Book', 'author': 'DI Rubin', 'pub_year': '2021', 'venue': 'NA', 'abstract': 'needle EMG help to define the type, temporal course, and severity of a neuromuscular disorder.  Accurate interpretation of EMG  This article reviews the significance of spontaneous EMG', 'short_author': 'DI Rubin'}
Tutorial. Surface electromyogram (sEMG) amplitude estimation: Best practices	EA Clancy, EL Morin, G Hajian, R Merletti	Journal of Electromyography and Kinesiology	2023	https://www.sciencedirect.com/science/article/pii/S1050641123000664	15	{'title': 'Tutorial. Surface electromyogram (sEMG) amplitude estimation: Best practices', 'author': 'EA Clancy, EL Morin, G Hajian, R Merletti', 'pub_year': '2023', 'venue': 'Journal of Electromyography and Kinesiology', 'abstract': '—in extracting electromyogram (EMG) amplitude from the bipolar surface EMG (sEMG)   Surface EMG amplitude, also referred to as the sEMG envelope [often implemented as root', 'publisher': 'Elsevier', 'pages': '102807', 'volume': '72', 'journal': 'Journal of Electromyography and Kinesiology', 'pub_type': 'article', 'bib_id': 'clancy2023tutorial', 'short_author': 'EA Clancy, EL Morin, G Hajian, R Merletti'}
A method of motion recognition based on electromyographic signals	J Luo, C Liu, Y Feng, C Yang	Advanced Robotics	2020	https://www.tandfonline.com/doi/abs/10.1080/01691864.2020.1750480	15	"{'title': 'A method of motion recognition based on electromyographic signals', 'author': 'J Luo, C Liu, Y Feng, C Yang', 'pub_year': '2020', 'venue': 'Advanced Robotics', 'abstract': "", electromyogram (EMG) signals are introduced to show the human's motor characteristics  in the application of robots. In general, EMG  Different muscles can generate various EMG"", 'short_author': 'J Luo, C Liu, Y Feng, C Yang'}"
Gait phase classification from surface EMG signals using neural networks	C Morbidoni, L Principi, G Mascia, A Strazza	XV Mediterranean Conference on Medical and Biological Engineering and Computing--MEDICON 2019: Proceedings of MEDICON 2019, September 26-28, 2019, Coimbra, Portugal	2020	https://link.springer.com/chapter/10.1007/978-3-030-31635-8_9	14	{'title': 'Gait phase classification from surface EMG signals using neural networks', 'author': 'C Morbidoni, L Principi, G Mascia, A Strazza', 'pub_year': '2020', 'venue': 'XV Mediterranean Conference on Medical and Biological Engineering and Computing--MEDICON 2019: Proceedings of MEDICON 2019, September 26-28, 2019, Coimbra, Portugal', 'abstract': '), based on the interpretation of surface electromyographic (sEMG) signals alone. Three  different  classification of gait phases from electromyographic signals, in overall walking tasks.', 'organization': 'Springer', 'pages': '75--82', 'booktitle': 'XV Mediterranean Conference on Medical and Biological Engineering and Computing--MEDICON 2019: Proceedings of MEDICON 2019, September 26-28, 2019, Coimbra, Portugal', 'pub_type': 'inproceedings', 'bib_id': 'morbidoni2020gait', 'short_author': 'C Morbidoni, L Principi, G Mascia, A Strazza'}
Electromyography: A simple and accessible tool to assess physical performance and Health during hypoxia training. A systematic review	D Fernández-Lázaro, J Mielgo-Ayuso, DP Adams	Sustainability	2020	https://www.mdpi.com/2071-1050/12/21/9137	14	{'title': 'Electromyography: A simple and accessible tool to assess physical performance and Health during hypoxia training. A systematic review', 'author': 'D Fernández-Lázaro, J Mielgo-Ayuso, DP Adams', 'pub_year': '2020', 'venue': 'Sustainability', 'abstract': 'The muscle activation in EMG is demonstrated by the amplitude of the surface electromyogram   The mean quadratic muscle activity is the value of the power of the electromyographic', 'short_author': 'D Fernández-Lázaro, J Mielgo-Ayuso, DP Adams'}
Towards extending real-time EMG-based gesture recognition system	C Andronache, M Negru, A Neacsu	2020 43rd International Conference on Telecommunications and Signal Processing (TSP)	2020	https://ieeexplore.ieee.org/abstract/document/9163481/	13	{'title': 'Towards extending real-time EMG-based gesture recognition system', 'author': 'C Andronache, M Negru, A Neacsu', 'pub_year': '2020', 'venue': '2020 43rd International Conference on Telecommunications and Signal Processing (TSP)', 'abstract': 'the Electromyographic (EMG) signal is used to record the electrical activity of the muscles  during their contraction. EMG  The classification of EMG signals is usually used to translate the', 'organization': 'IEEE', 'pages': '301--304', 'booktitle': '2020 43rd International Conference on Telecommunications and Signal Processing (TSP)', 'pub_type': 'inproceedings', 'bib_id': 'andronache2020towards', 'short_author': 'C Andronache, M Negru, A Neacsu'}
Effects of various physical interventions on reducing neuromuscular fatigue assessed by electromyography: a systematic review and meta-analysis	X Hou, J Liu, K Weng, L Griffin, LA Rice	Frontiers in bioengineering and biotechnology	2021	https://www.frontiersin.org/articles/10.3389/fbioe.2021.659138/full	13	{'title': 'Effects of various physical interventions on reducing neuromuscular fatigue assessed by electromyography: a systematic review and meta-analysis', 'author': 'X Hou, J Liu, K Weng, L Griffin, LA Rice', 'pub_year': '2021', 'venue': 'Frontiers in bioengineering and biotechnology', 'abstract': 'There is a need to assess the effectiveness of various intervention on reducing neuromuscular  fatigue assessed by a quantitative outcome, such as electromyography (EMG). The', 'publisher': 'Frontiers Media SA', 'pages': '659138', 'volume': '9', 'journal': 'Frontiers in bioengineering and biotechnology', 'pub_type': 'article', 'bib_id': 'hou2021effects', 'short_author': 'X Hou, J Liu, K Weng, et al.'}
Isometric-based EMG threshold in girls and women	S Woods, R Dotan, N Jenicek, B Falk	European Journal of Applied Physiology	2020	https://link.springer.com/article/10.1007/s00421-020-04331-7	12	{'title': 'Isometric-based EMG threshold in girls and women', 'author': 'S Woods, R Dotan, N Jenicek, B Falk', 'pub_year': '2020', 'venue': 'European Journal of Applied Physiology', 'abstract': 'The electromyographic threshold (EMG Th ) has been  ’ EMG Th occurs at higher relative  exercise intensities than men’s in both cycling- and isometric-based testing. Girls‒women EMG', 'publisher': 'Springer', 'pages': '907--914', 'volume': '120', 'journal': 'European Journal of Applied Physiology', 'pub_type': 'article', 'bib_id': 'woods2020isometric', 'short_author': 'S Woods, R Dotan, N Jenicek, B Falk'}
The association between sleep bruxism and awake bruxism: Polysomnographic and electromyographic recordings in women with and without myofascial pain	T Chattrattrai, MN Janal, F Lobbezoo	Journal of Oral Rehabilitation	2023	https://onlinelibrary.wiley.com/doi/abs/10.1111/joor.13468	12	{'title': 'The association between sleep bruxism and awake bruxism: Polysomnographic and electromyographic recordings in women with and without myofascial pain', 'author': 'T Chattrattrai, MN Janal, F Lobbezoo', 'pub_year': '2023', 'venue': 'Journal of Oral Rehabilitation', 'abstract': 'Polysomnography (PSG) with audio and video signal recording included right and left  masseter and temporalis electromyogram (EMG). Jaw muscle activity with two folds of amplitude', 'publisher': 'Wiley Online Library', 'pages': '822--829', 'number': '9', 'volume': '50', 'journal': 'Journal of Oral Rehabilitation', 'pub_type': 'article', 'bib_id': 'chattrattrai2023association', 'short_author': 'T Chattrattrai, MN Janal, F Lobbezoo'}
Effect of two Dynamic Tape™ applications on the electromyographic activity of the gluteus medius and functional performance in women: A randomized, controlled, clinical trial	RO Silva, FR Carlos, MC Morales, VS Emerick	Journal of Bodywork and Movement Therapies	2021	https://www.sciencedirect.com/science/article/pii/S1360859220302333	12	{'title': 'Effect of two Dynamic Tape™ applications on the electromyographic activity of the gluteus medius and functional performance in women: A randomized, controlled, clinical trial', 'author': 'RO Silva, FR Carlos, MC Morales, VS Emerick', 'pub_year': '2021', 'venue': 'Journal of Bodywork and Movement Therapies', 'abstract': 'Electromyographic assessment A surface electromyographic (EMG) assessment of the  GM muscle was conducted during rest, at  The EMG data were obtained using an EMG-8000C', 'publisher': 'Elsevier', 'pages': '212--217', 'volume': '25', 'journal': 'Journal of Bodywork and Movement Therapies', 'pub_type': 'article', 'bib_id': 'silva2021effect', 'short_author': 'RO Silva, FR Carlos, MC Morales, VS Emerick'}
Wearable EMG bridge—A multiple-gesture reconstruction system using electrical stimulation controlled by the volitional surface electromyogram of a healthy forearm	Z Bi, Y Wang, H Wang, Y Zhou, C Xie, L Zhu	IEEE Access	2020	https://ieeexplore.ieee.org/abstract/document/9146839/	12	{'title': 'Wearable EMG bridge—A multiple-gesture reconstruction system using electrical stimulation controlled by the volitional surface electromyogram of a healthy forearm', 'author': 'Z Bi, Y Wang, H Wang, Y Zhou, C Xie, L Zhu', 'pub_year': '2020', 'venue': 'IEEE Access', 'abstract': 'In this study, a wearable prototype system was developed for multiple-gesture rehabilitation  using electrical stimulation controlled by a volitional surface electromyography (sEMG) scan', 'publisher': 'IEEE', 'pages': '137330--137341', 'volume': '8', 'journal': 'IEEE Access', 'pub_type': 'article', 'bib_id': 'bi2020wearable', 'short_author': 'Z Bi, Y Wang, H Wang, et al.'}
Comparison of emg signal classification algorithms for the control of an upper limb prosthesis prototype	DL Espinoza, LES Velasco	2020 17th International Conference on Electrical Engineering, Computing Science and Automatic Control (CCE)	2020	https://ieeexplore.ieee.org/abstract/document/9299208/	11	{'title': 'Comparison of emg signal classification algorithms for the control of an upper limb prosthesis prototype', 'author': 'DL Espinoza, LES Velasco', 'pub_year': '2020', 'venue': '2020 17th International Conference on Electrical Engineering, Computing Science and Automatic Control (CCE)', 'abstract': 'Pi connected to the EMG armband developed by Thalmic  The electromyographic armband  has 8 EMG sensors, and is  In this way, the signals from each of the 8 EMG sensors are', 'organization': 'IEEE', 'pages': '1--4', 'booktitle': '2020 17th International Conference on Electrical Engineering, Computing Science and Automatic Control (CCE)', 'pub_type': 'inproceedings', 'bib_id': 'espinoza2020comparison', 'short_author': 'DL Espinoza, LES Velasco'}
Multi-speaker speech synthesis from electromyographic signals by soft speech unit prediction	K Scheck, T Schultz	ICASSP 2023-2023 IEEE International Conference on Acoustics, Speech and Signal Processing (ICASSP)	2023	https://ieeexplore.ieee.org/abstract/document/10097120/	11	{'title': 'Multi-speaker speech synthesis from electromyographic signals by soft speech unit prediction', 'author': 'K Scheck, T Schultz', 'pub_year': '2023', 'venue': 'ICASSP 2023-2023 IEEE International Conference on Acoustics, Speech and Signal Processing (ICASSP)', 'abstract': 'Electromyographic (EMG) signals of articulatory muscles reflect the speech production   We propose Speech-Unit-based EMG-to-Speech (SU-E2S), a system which relies on EMG to', 'organization': 'IEEE', 'pages': '1--5', 'booktitle': 'ICASSP 2023-2023 IEEE International Conference on Acoustics, Speech and Signal Processing (ICASSP)', 'pub_type': 'inproceedings', 'bib_id': 'scheck2023multi', 'short_author': 'K Scheck, T Schultz'}
Analysis and applications of respiratory surface EMG: report of a round table meeting	AH Jonkman, RSP Warnaar, W Baccinelli, NM Carbon	Critical Care	2024	https://link.springer.com/article/10.1186/s13054-023-04779-x	11	{'title': 'Analysis and applications of respiratory surface EMG: report of a round table meeting', 'author': 'AH Jonkman, RSP Warnaar, W Baccinelli, NM Carbon', 'pub_year': '2024', 'venue': 'Critical Care', 'abstract': 'Respiratory electromyography (EMG) has been used in intensive care units (ICU), wards  and home environments to evaluate respiratory muscle function, to titrate ventilatory support', 'short_author': 'AH Jonkman, RSP Warnaar, W Baccinelli, NM Carbon'}
Event detection of muscle activation using an electromyogram	K Kang, K Rhee, HC Shin	Applied Sciences	2020	https://www.mdpi.com/2076-3417/10/16/5593	10	{'title': 'Event detection of muscle activation using an electromyogram', 'author': 'K Kang, K Rhee, HC Shin', 'pub_year': '2020', 'venue': 'Applied Sciences', 'abstract': 'for muscle activation by using an electromyogram (EMG). The adaptive  Electromyography  (EMG) is a method used to record electrical signals generated by muscular activities. EMG is', 'short_author': 'K Kang, K Rhee, HC Shin'}
Tutorial on MUedit: An open-source software for identifying and analysing the discharge timing of motor units from electromyographic signals	S Avrillon, F Hug, SN Baker, C Gibbs	Journal of Electromyography and Kinesiology	2024	https://www.sciencedirect.com/science/article/pii/S1050641124000300	10	{'title': 'Tutorial on MUedit: An open-source software for identifying and analysing the discharge timing of motor units from electromyographic signals', 'author': 'S Avrillon, F Hug, SN Baker, C Gibbs', 'pub_year': '2024', 'venue': 'Journal of Electromyography and Kinesiology', 'abstract': 'carefully guide researchers through the steps of EMG decomposition. After validating the  algorithm with simulated surface and intramuscular EMG signals, we present the different steps', 'publisher': 'Elsevier', 'pages': '102886', 'volume': '77', 'journal': 'Journal of Electromyography and Kinesiology', 'pub_type': 'article', 'bib_id': 'avrillon2024tutorial', 'short_author': 'S Avrillon, F Hug, SN Baker, C Gibbs'}
Efficacy of patellar taping and electromyographic biofeedback training at various knee angles on quadriceps strength and functional performance in young adult male athletes with patellofemoral pain syndrome: A randomized controlled trial	S Hasan, A Alonazi, S Anwer, A Jamal	Pain Research and Management	2022	https://onlinelibrary.wiley.com/doi/abs/10.1155/2022/8717932	10	{'title': 'Efficacy of patellar taping and electromyographic biofeedback training at various knee angles on quadriceps strength and functional performance in young adult male athletes with patellofemoral pain syndrome: A randomized controlled trial', 'author': 'S Hasan, A Alonazi, S Anwer, A Jamal', 'pub_year': '2022', 'venue': 'Pain Research and Management', 'abstract': 'chain exercise programs with and without EMG-BF in an effort to  the effects of patellar taping  and EMG-BF-guided isometric  the effects of patellar taping and EMG-BF-guided isometric', 'publisher': 'Wiley Online Library', 'pages': '8717932', 'number': '1', 'volume': '2022', 'journal': 'Pain Research and Management', 'pub_type': 'article', 'bib_id': 'hasan2022efficacy', 'short_author': 'S Hasan, A Alonazi, S Anwer, A Jamal'}
Diagnosis of amyotrophic lateral sclerosis (ALS) disorders based on electromyogram (EMG) signal analysis and feature selection	A Mokdad, SMEA Debbal, F Meziani	Polish Journal of Medical Physics and Engineering	2020	https://sciendo.com/pdf/10.2478/pjmpe-2020-0018	10	{'title': 'Diagnosis of amyotrophic lateral sclerosis (ALS) disorders based on electromyogram (EMG) signal analysis and feature selection', 'author': 'A Mokdad, SMEA Debbal, F Meziani', 'pub_year': '2020', 'venue': 'Polish Journal of Medical Physics and Engineering', 'abstract': 'Detailed analysis of clinical electromyography signals: Emg decomposition, findings and  firing pattern analysis in controls and patients with myopathy and amytrophic lateral sclerosis.', 'pages': '155--160', 'number': '3', 'volume': '26', 'journal': 'Polish Journal of Medical Physics and Engineering', 'pub_type': 'article', 'bib_id': 'mokdad2020diagnosis', 'short_author': 'A Mokdad, SMEA Debbal, F Meziani'}
Filtering and analyzing normal and abnormal electromyogram signals	S Elouaham, A Dliou, M Laaboubi, R Latif	Indonesian Journal of Electrical Engineering and Computer Science	2020	https://www.academia.edu/download/109164740/14206.pdf	10	{'title': 'Filtering and analyzing normal and abnormal electromyogram signals', 'author': 'S Elouaham, A Dliou, M Laaboubi, R Latif', 'pub_year': '2020', 'venue': 'Indonesian Journal of Electrical Engineering and Computer Science', 'abstract': 'electromyogram (EMG) is an important measurement to assess the health of muscles and the  nerve cells that control them. The appearance of noise in electromyography (EMG the EMG', 'pages': '176--184', 'number': '1', 'volume': '20', 'journal': 'Indonesian Journal of Electrical Engineering and Computer Science', 'pub_type': 'article', 'bib_id': 'elouaham2020filtering', 'short_author': 'S Elouaham, A Dliou, M Laaboubi, R Latif'}
Electromyographic analyses of trunk musculature after stroke: An integrative review	SR Babyar, TJ Holland, D Rothbart	Topics in Stroke Rehabilitation	2022	https://www.tandfonline.com/doi/abs/10.1080/10749357.2021.1940725	9	{'title': 'Electromyographic analyses of trunk musculature after stroke: An integrative review', 'author': 'SR Babyar, TJ Holland, D Rothbart', 'pub_year': '2022', 'venue': 'Topics in Stroke Rehabilitation', 'abstract': 'Observational and intervention studies examining trunk electromyographic (EMG) activity  following stroke are underpowered and fail criteria for systematic reviews of randomized', 'publisher': 'Taylor \\& Francis', 'pages': '366--381', 'number': '5', 'volume': '29', 'journal': 'Topics in Stroke Rehabilitation', 'pub_type': 'article', 'bib_id': 'babyar2022electromyographic', 'short_author': 'SR Babyar, TJ Holland, D Rothbart'}
Electromyographic findings in primary lateral sclerosis during disease progression	CS Silva, MO Santos, M Gromicho, S Pinto	Clinical Neurophysiology	2021	https://www.sciencedirect.com/science/article/pii/S138824572100746X	8	{'title': 'Electromyographic findings in primary lateral sclerosis during disease progression', 'author': 'CS Silva, MO Santos, M Gromicho, S Pinto', 'pub_year': '2021', 'venue': 'Clinical Neurophysiology', 'abstract': 'To explore the clinical impact of the EMG changes, we used the last EMG limb score to  separate the patients into two groups, according to the median split value. Group A included', 'publisher': 'Elsevier', 'pages': '2996--3001', 'number': '12', 'volume': '132', 'journal': 'Clinical Neurophysiology', 'pub_type': 'article', 'bib_id': 'silva2021electromyographic', 'short_author': 'CS Silva, MO Santos, M Gromicho, S Pinto'}
Neuromuscular activity of the lower-extremities during running, landing and changing-of-direction movements in individuals with anterior cruciate ligament reconstruction: a review of electromyographic studies	JD Georgoulis, D Melissaridou, K Patras	Journal of Experimental Orthopaedics	2023	https://link.springer.com/article/10.1186/s40634-023-00603-1	7	{'title': 'Neuromuscular activity of the lower-extremities during running, landing and changing-of-direction movements in individuals with anterior cruciate ligament reconstruction: a review of electromyographic studies', 'author': 'JD Georgoulis, D Melissaridou, K Patras', 'pub_year': '2023', 'venue': 'Journal of Experimental Orthopaedics', 'abstract': 'AND (reconstruction) OR (ACLR) AND (EMG OR Electromyography OR neuromuscular  activity OR muscle activity OR EMG amplitude OR EMG timing OR muscle on-set OR pre-activity', 'publisher': 'Springer', 'pages': '43', 'number': '1', 'volume': '10', 'journal': 'Journal of Experimental Orthopaedics', 'pub_type': 'article', 'bib_id': 'georgoulis2023neuromuscular', 'short_author': 'JD Georgoulis, D Melissaridou, K Patras'}
Combination time-frequency and empirical wavelet transform methods for removal of composite noise in EMG signals	S Elouaham, B Nassiri, A Dliou	TELKOMNIKA (Telecommunication Computing Electronics and Control)	2023	http://telkomnika.uad.ac.id/index.php/TELKOMNIKA/article/view/24939	7	{'title': 'Combination time-frequency and empirical wavelet transform methods for removal of composite noise in EMG signals', 'author': 'S Elouaham, B Nassiri, A Dliou', 'pub_year': '2023', 'venue': 'TELKOMNIKA (Telecommunication Computing Electronics and Control)', 'abstract': 'Electromyography (EMG) is a technique used to measure the electrical activity in muscles   Electromyogram signals are used to represent the state of human muscles. The EMG signals', 'pages': '1373--1381', 'number': '6', 'volume': '21', 'journal': 'TELKOMNIKA (Telecommunication Computing Electronics and Control)', 'pub_type': 'article', 'bib_id': 'elouaham2023combination', 'short_author': 'S Elouaham, B Nassiri, A Dliou'}
Machine Learning-Based Feature Extraction and Classification of EMG Signals for Intuitive Prosthetic Control	CL Kok, CK Ho, FK Tan, YY Koh	Applied Sciences	2024	https://www.mdpi.com/2076-3417/14/13/5784	7	{'title': 'Machine Learning-Based Feature Extraction and Classification of EMG Signals for Intuitive Prosthetic Control', 'author': 'CL Kok, CK Ho, FK Tan, YY Koh', 'pub_year': '2024', 'venue': 'Applied Sciences', 'abstract': 'In this study, we utilized the Gesture Recognition and Biometrics ElectroMyogram (GrabMyo)  dataset, a comprehensive collection of electromyographic (EMG) signals recorded during', 'short_author': 'CL Kok, CK Ho, FK Tan, YY Koh'}
The effect of modified Pilates-based positions on pelvic floor electromyographic (EMG) activity; a pilot study	G Nightingale, K Chandrakumaran	International Urogynecology Journal	2021	https://link.springer.com/article/10.1007/s00192-020-04529-5	7	{'title': 'The effect of modified Pilates-based positions on pelvic floor electromyographic (EMG) activity; a pilot study', 'author': 'G Nightingale, K Chandrakumaran', 'pub_year': '2021', 'venue': 'International Urogynecology Journal', 'abstract': 'Electromyographic (EMG) feedback is increasingly being used to assess muscle  We  designed a pilot study to assess (1) the effect of MP-type exercises on PFM EMG activity, (2)', 'publisher': 'Springer', 'pages': '287--292', 'volume': '32', 'journal': 'International Urogynecology Journal', 'pub_type': 'article', 'bib_id': 'nightingale2021effect', 'short_author': 'G Nightingale, K Chandrakumaran'}
Separation of the Electromyographic from the Electrocardiographic Signals and Vice Versa: A Topical Review of the Dynamic Procedure	I Christov, A Gotchev, G Bortolan, T Neycheva	NA	2020	https://trepo.tuni.fi/handle/10024/134827	7	{'title': 'Separation of the Electromyographic from the Electrocardiographic Signals and Vice Versa: A Topical Review of the Dynamic Procedure', 'author': 'I Christov, A Gotchev, G Bortolan, T Neycheva', 'pub_year': '2020', 'venue': 'NA', 'abstract': 'Electrocardiographic (ECG) and electromyographic (EMG) signals are simultaneously and   versa in electromyography. In electromyography, ECG noise superimposes the EMG signal', 'short_author': 'I Christov, A Gotchev, G Bortolan, T Neycheva'}
Electromyography Parameter Variations with Electrocardiography Noise	KM Chang, PT Liu, TS Wei	Sensors	2022	https://www.mdpi.com/1424-8220/22/16/5948	7	{'title': 'Electromyography Parameter Variations with Electrocardiography Noise', 'author': 'KM Chang, PT Liu, TS Wei', 'pub_year': '2022', 'venue': 'Sensors', 'abstract': 'Electromyograms (EMG signals) may be contaminated by electrocardiographic (ECG)  extract  the ECG noise from the EMG signal. In this study, the EMG, mixed with different degrees of', 'short_author': 'KM Chang, PT Liu, TS Wei'}
Intraoperative lateral rectus electromyographic recordings optimized by deep intraorbital needle electrodes	T Oishi, JJ Van Gompel, MJ Link, AA Tooley	Clinical Neurophysiology	2021	https://www.sciencedirect.com/science/article/pii/S138824572100691X	6	{'title': 'Intraoperative lateral rectus electromyographic recordings optimized by deep intraorbital needle electrodes', 'author': 'T Oishi, JJ Van Gompel, MJ Link, AA Tooley', 'pub_year': '2021', 'venue': 'Clinical Neurophysiology', 'abstract': ', electromyography (EMG) of cranial nerve-innervated muscles is routinely used to monitor  the delicate cranial nerves; today, facial nerve EMG  While needle EMG recordings from', 'publisher': 'Elsevier', 'pages': '2510--2518', 'number': '10', 'volume': '132', 'journal': 'Clinical Neurophysiology', 'pub_type': 'article', 'bib_id': 'oishi2021intraoperative', 'short_author': 'T Oishi, JJ Van Gompel, MJ Link, AA Tooley'}
Electromyographic activities of the jaw and facial muscles in subjects with different vertical skeletal patterns and breathing modes	M Zhao, M Han, J Habumugisha	Journal of Oral Rehabilitation	2023	https://onlinelibrary.wiley.com/doi/abs/10.1111/joor.13424	6	{'title': 'Electromyographic activities of the jaw and facial muscles in subjects with different vertical skeletal patterns and breathing modes', 'author': 'M Zhao, M Han, J Habumugisha', 'pub_year': '2023', 'venue': 'Journal of Oral Rehabilitation', 'abstract': 'values in this study were expressed as ratios, selecting the movement that presented a  higher EMG value (EMG value of the TA muscle captured during continuous clenching) and', 'publisher': 'Wiley Online Library', 'pages': '351--359', 'number': '5', 'volume': '50', 'journal': 'Journal of Oral Rehabilitation', 'pub_type': 'article', 'bib_id': 'zhao2023electromyographic', 'short_author': 'M Zhao, M Han, J Habumugisha'}
Recognition of american sign language gestures based on electromyogram (emg) signal with xgboost machine learning	H Chen, T Qin, Y Zhang, B Guan	2021 3rd International Conference on Machine Learning, Big Data and Business Intelligence (MLBDBI)	2021	https://ieeexplore.ieee.org/abstract/document/9731051/	5	"{'title': 'Recognition of american sign language gestures based on electromyogram (emg) signal with xgboost machine learning', 'author': 'H Chen, T Qin, Y Zhang, B Guan', 'pub_year': '2021', 'venue': '2021 3rd International Conference on Machine Learning, Big Data and Business Intelligence (MLBDBI)', 'abstract': ""we want to test some characteristics like Fatigue electromyography and so on. To avoid the   -tired sample EMG's Visual line chart about the raw data which comes from the EMG sensor."", 'organization': 'IEEE', 'pages': '24--29', 'booktitle': '2021 3rd International Conference on Machine Learning, Big Data and Business Intelligence (MLBDBI)', 'pub_type': 'inproceedings', 'bib_id': 'chen2021recognition', 'short_author': 'H Chen, T Qin, Y Zhang, B Guan'}"
Emg pattern recognition: A systematic review	S Dhumal, P Sharma	International Conference on Information Systems and Management Science	2021	https://link.springer.com/chapter/10.1007/978-3-031-13150-9_10	5	{'title': 'Emg pattern recognition: A systematic review', 'author': 'S Dhumal, P Sharma', 'pub_year': '2021', 'venue': 'International Conference on Information Systems and Management Science', 'abstract': 'EMG (electromyography) is a common test that measures how our muscles function these  days. It is based on the fact that when a muscle contracts, it produces a burst of electric activity', 'organization': 'Springer', 'pages': '120--130', 'booktitle': 'International Conference on Information Systems and Management Science', 'pub_type': 'inproceedings', 'bib_id': 'dhumal2021emg', 'short_author': 'S Dhumal, P Sharma'}
Muscle electromyographic activity normalized to maximal muscle activity, not to Mmax, better represents voluntary activation	J Diong, KC Kishimoto, JE Butler, ME Héroux	Plos one	2022	https://journals.plos.org/plosone/article?id=10.1371/journal.pone.0277947	5	{'title': 'Muscle electromyographic activity normalized to maximal muscle activity, not to Mmax, better represents voluntary activation', 'author': 'J Diong, KC Kishimoto, JE Butler, ME Héroux', 'pub_year': '2022', 'venue': 'Plos one', 'abstract': 'To compare the amount of muscle activity between people or across experimental conditions,  electromyographic activity (EMG) is often expressed as a percentage of a reference value.', 'short_author': 'J Diong, KC Kishimoto, JE Butler, ME Héroux'}
Sign language recognition using the electromyographic signal: a systematic literature review	A Ben Haj Amor, O El Ghoul, M Jemni	Sensors	2023	https://www.mdpi.com/1424-8220/23/19/8343	4	{'title': 'Sign language recognition using the electromyographic signal: a systematic literature review', 'author': 'A Ben Haj Amor, O El Ghoul, M Jemni', 'pub_year': '2023', 'venue': 'Sensors', 'abstract': ', electromyogram (EMG) signals, which measure muscle electrical activity, offer potential  technology for detecting gestures. These EMG- , and projects utilizing EMG sensors for sign', 'short_author': 'A Ben Haj Amor, O El Ghoul, M Jemni'}
Physico-chemical, antioxidant, sensory and electromyographic analyses of shrikhand (flavored strained yoghurt) formulated for dysphagia patients under IDDSI levels 4 and 5	B Dhillon, NS Sodhi, S Kumari, A Kaur	Journal of Food Measurement and Characterization	2023	https://link.springer.com/article/10.1007/s11694-023-02061-w	3	{'title': 'Physico-chemical, antioxidant, sensory and electromyographic analyses of shrikhand (flavored strained yoghurt) formulated for dysphagia patients under IDDSI levels 4 and 5', 'author': 'B Dhillon, NS Sodhi, S Kumari, A Kaur', 'pub_year': '2023', 'venue': 'Journal of Food Measurement and Characterization', 'abstract': 'Electromyography (EMG) is an in vivo technique of comprehensive texture evaluation. It was  found that EMG  Representative electromyogram generated during oral processing for level', 'publisher': 'Springer', 'pages': '5535--5549', 'number': '6', 'volume': '17', 'journal': 'Journal of Food Measurement and Characterization', 'pub_type': 'article', 'bib_id': 'dhillon2023physico', 'short_author': 'B Dhillon, NS Sodhi, S Kumari, A Kaur'}
Phone classification using electromyographic signals	E Del Blanco, I Salomons, E Navas	Proceedings of IberSPEECH	2022	https://www.researchgate.net/profile/Inge-Salomons/publication/365367077_Phone_classification_using_electromyographic_signals/links/63a08f4f095a6a777441c765/Phone-classification-using-electromyographic-signals.pdf	3	{'title': 'Phone classification using electromyographic signals', 'author': 'E Del Blanco, I Salomons, E Navas', 'pub_year': '2022', 'venue': 'Proceedings of IberSPEECH', 'abstract': 'first silent speech EMG database for Spanish, namely the new ReSSInt-EMG database. The  EMG signals in this database are obtained using eight surface EMG bipolar electrode pairs', 'pages': '31--35', 'journal': 'Proceedings of IberSPEECH', 'pub_type': 'article', 'bib_id': 'del2022phone', 'short_author': 'E Del Blanco, I Salomons, E Navas'}
Frequency distribution of the number and amplitude of electromyographic waveforms of the masseter muscle during sleep in patients with a clinical diagnosis of sleep …	A Kudo, T Yamaguchi, S Mikami, M Saito, T Nakajima	CRANIO®	2023	https://www.tandfonline.com/doi/abs/10.1080/08869634.2023.2222640	2	{'title': 'Frequency distribution of the number and amplitude of electromyographic waveforms of the masseter muscle during sleep in patients with a clinical diagnosis of sleep …', 'author': 'A Kudo, T Yamaguchi, S Mikami, M Saito, T Nakajima', 'pub_year': '2023', 'venue': 'CRANIO®', 'abstract': ') of EMG waveforms during sleep measured using an ultraminiature wearable electromyogram   In that study, the targeted EMG waveforms were phasic bursts that were included in the', 'short_author': 'A Kudo, T Yamaguchi, S Mikami, et al.'}
EMG monitoring	J Prell, S Skinner	Handbook of Clinical Neurology	2022	https://www.sciencedirect.com/science/article/pii/B9780128198261000028	2	{'title': 'EMG monitoring', 'author': 'J Prell, S Skinner', 'pub_year': '2022', 'venue': 'Handbook of Clinical Neurology', 'abstract': 'While most neurophysiologists are familiar with electromyography (EMG) for the  of EMG  can be divided into stimulated EMG on the one hand and monitoring of the free-running EMG', 'short_author': 'J Prell, S Skinner'}
Correcting temporal inaccuracies in labeled training data for electromyographic control algorithms	AT Wang, CD Olsen, WC Hamrick	2023 International Conference on Rehabilitation Robotics (ICORR)	2023	https://ieeexplore.ieee.org/abstract/document/10304728/	1	{'title': 'Correcting temporal inaccuracies in labeled training data for electromyographic control algorithms', 'author': 'AT Wang, CD Olsen, WC Hamrick', 'pub_year': '2023', 'venue': '2023 International Conference on Rehabilitation Robotics (ICORR)', 'abstract': 'to re-align EMG with kinematics on a per-movement basis. We show that EMG and kinematic   This work highlights inaccuracies in labeled EMG data and has broad implications for EMG-', 'organization': 'IEEE', 'pages': '1--6', 'booktitle': '2023 International Conference on Rehabilitation Robotics (ICORR)', 'pub_type': 'inproceedings', 'bib_id': 'wang2023correcting', 'short_author': 'AT Wang, CD Olsen, WC Hamrick'}
EMG Signal Acquisition and Processing for Feature Extraction And Detection of Disease	S Chatterjee, A Chatterjee, S Saha, D Mukherjee	J. Eng. Technol. Manag	2024	https://jet-m.com/wp-content/uploads/130-JETM8266.pdf	1	{'title': 'EMG Signal Acquisition and Processing for Feature Extraction And Detection of Disease', 'author': 'S Chatterjee, A Chatterjee, S Saha, D Mukherjee', 'pub_year': '2024', 'venue': 'J. Eng. Technol. Manag', 'abstract': 'Electromyography (EMG) is a diagnostic  in electromyography (EMG) signal feature  extraction involve the identification and quantification of relevant characteristics within the EMG', 'pages': '20', 'volume': '19', 'journal': 'J. Eng. Technol. Manag', 'pub_type': 'article', 'bib_id': 'chatterjee2024emg', 'short_author': 'S Chatterjee, A Chatterjee, S Saha, D Mukherjee'}
